Juan Perez, america_sur, juanito97, jpjr97xx
Jay Son, america_norte, Lord_Json, lj99yui0
Jens Johanssen, europa_norte, Jenss, 5tr4t0v4r1u5
Junji Ito, asia_este, Junji9000, 893nd8dfn87
Maria Silva, america_sur, mariasilva82, udfuhfdu8
Ahmed Hassan, africa_norte, ahmedhassan95, uhf384n48n
Sophie Dupont, europa_oeste, sophiedupont_97, ijfdjf84h8
Hiroshi Tanaka, asia_este, hiroshi_tanaka88, jfjditt8784
Carlos Martinez, america_central, carlosmartinez76, idjifjf8487
Anna Petrova, europa_este, annapetrova91, ijfeijeijf